Titre,Entreprise,Localisation,Compétences clés,Date de publication,Lien
Chargé d´Affaire en Maintenance Multi-technique - Casablanca - Rabat,Chargé d´Affaire en Maintenance Multi-technique - Casablanca - Rabat,Casablanca-Mohammedia & Rabat-Salé-Kénitra,Devis - Maintenance - Réparation,14.01.2025,https://www.emploi.ma/offre-emploi-maroc/charge-affaire-maintenance-multi-technique-casablanca-rabat-8690824
Agent Général - Béni Mellal et Région,Agent Général - Béni Mellal et Région,Béni Mellal-Khénifra,Suivi Commercial - Vente,14.01.2025,https://www.emploi.ma/offre-emploi-maroc/agent-general-azilalfequih-ben-salehdemnate-8692138
Agent Général - Marrakech et Région,Agent Général - Marrakech et Région,Marrakech-Safi,Suivi Commercial - Vente,14.01.2025,https://www.emploi.ma/offre-emploi-maroc/agent-general-marrakechourikaben-guerir-8692196
Agent Général - Oujda et Région,Agent Général - Oujda et Région,Oujda,Suivi Commercial - Vente,14.01.2025,https://www.emploi.ma/offre-emploi-maroc/agent-general-oujdaberkanejerada-8692202
Senior Manager Maintenance et Sûreté - Rabat,Senior Manager Maintenance et Sûreté - Rabat,Agadir - Béni Mellal-Khénifra - Casablanca-Mohammedia - Dakhla -...,CPS - Maintenance - Processus - Production - Qualité - Supervision de la Maintenance,14.01.2025,https://www.emploi.ma/offre-emploi-maroc/senior-manager-maintenance-surete-rabat-8696012
Comptable Confirmé - Mohammedia et Régions,Comptable Confirmé - Mohammedia et Régions,Casablanca-Mohammedia,Analyse Financière - Comptabilité - Écritures Comptables - États Financiers - Finance - Fiscalité - Gestion - Gestion Financière - Trésorerie,14.01.2025,https://www.emploi.ma/offre-emploi-maroc/comptable-confirme-mohammedia-regions-8707287
Equipier(ère) Polyvalent(e)  - Casablanca,Equipier(ère) Polyvalent(e)  - Casablanca,Casablanca-Mohammedia,Cuisine - Hygiène - Maintenance - Montage - Production - Qualité - Restauration - Tourisme,14.01.2025,https://www.emploi.ma/offre-emploi-maroc/equipierere-polyvalente-casablanca-8720058
Caissière  - Casablanca,Caissière  - Casablanca,Casablanca-Mohammedia,Cuisine - Maintenance - Production - Qualité - Tourisme,14.01.2025,https://www.emploi.ma/offre-emploi-maroc/caissiere-casablanca-8720059
Conseiller Commercial  - Casablanca,Conseiller Commercial  - Casablanca,Casablanca-Mohammedia,Actions Commerciales - Communication - Marketing - Vente,14.01.2025,https://www.emploi.ma/offre-emploi-maroc/conseiller-commercial-casablanca-8721960
Représentant(e) Service Client et Administration des Ventes - Casablanca,Représentant(e) Service Client et Administration des Ventes - Casablanca,Casablanca-Mohammedia,Gestion des Ventes,14.01.2025,https://www.emploi.ma/offre-emploi-maroc/representante-service-client-administration-ventes-casablanca-8722041
Facturière - Casablanca,Facturière - Casablanca,Casablanca-Mohammedia,Comptabilité - Facturation - Finance - Gestion,14.01.2025,https://www.emploi.ma/offre-emploi-maroc/facturiere-casablanca-8722102
Coordinateur des Examens (Anglophone) - Casablanca,Coordinateur des Examens (Anglophone) - Casablanca,Casablanca-Mohammedia,Assistanat - Comptabilité - Finance - Gestion - Gestion Administrative - Réception - Secrétariat,14.01.2025,https://www.emploi.ma/offre-emploi-maroc/coordinateur-examens-anglophone-casablanca-8722142
Technicien de Ferme Pédagogique  - Dar Bouazza,Technicien de Ferme Pédagogique  - Dar Bouazza,Casablanca-Mohammedia,Entretien - Jardinage - Maintenance,14.01.2025,https://www.emploi.ma/offre-emploi-maroc/technicien-ferme-pedagogique-dar-bouazza-8722227
Représentant Commercial Terrain - Secteur de L’Éducation - Kénitra,Représentant Commercial Terrain - Secteur de L’Éducation - Kénitra,Rabat-Salé-Kénitra,Techniques de Vente - Vente,14.01.2025,https://www.emploi.ma/offre-emploi-maroc/representant-commercial-terrain-secteur-education-kenitra-8722503
Fleuriste - Casablanca,Fleuriste - Casablanca,Casablanca-Mohammedia,Installation - Nettoyage,14.01.2025,https://www.emploi.ma/offre-emploi-maroc/fleuriste-casablanca-8722711
Caissière  - Rabat,Caissière  - Rabat,Rabat-Salé-Kénitra,Assistanat - Cuisine - Secrétariat - Tourisme,14.01.2025,https://www.emploi.ma/offre-emploi-maroc/caissiere-rabat-8722770
Commis de Cuisine H/F  - Rabat,Commis de Cuisine H/F  - Rabat,Rabat-Salé-Kénitra,Assemblage - Cuisine - Entretien - Hygiène - Maintenance - Production - Qualité - Réception - Restauration - Sécurité Alimentaire - Tourisme,14.01.2025,https://www.emploi.ma/offre-emploi-maroc/commis-cuisine-hf-rabat-8722777
Sushi Man  - Rabat,Sushi Man  - Rabat,Rabat-Salé-Kénitra,Cuisine - Hygiène - Sécurité Alimentaire - Tourisme,14.01.2025,https://www.emploi.ma/offre-emploi-maroc/sushi-man-rabat-8722782
Wok Man  - Rabat,Wok Man  - Rabat,Rabat-Salé-Kénitra,Cuisine - Formation - Hygiène - Maintenance - Normes de Qualité - Production - Qualité - Restauration - Sécurité - Sécurité Alimentaire - Tourisme,14.01.2025,https://www.emploi.ma/offre-emploi-maroc/wok-man-rabat-8722786
Livreur  - Rabat,Livreur  - Rabat,Rabat-Salé-Kénitra,Livraison - Sécurité Routière - Tourisme,14.01.2025,https://www.emploi.ma/offre-emploi-maroc/livreur-rabat-8722788
Equipier (ère) Polyvalent (e) - Rabat,Equipier (ère) Polyvalent (e) - Rabat,Rabat-Salé-Kénitra,Cuisine - Hygiène - Maintenance - Montage - Production - Qualité - Restauration - Tourisme,14.01.2025,https://www.emploi.ma/offre-emploi-maroc/equipier-ere-polyvalent-e-rabat-8722794
Comptable Confirmé - ELG,Comptable Confirmé - ELG,Casablanca-Mohammedia,Comptabilité - Comptabilité Générale - Finance - Gestion,13.01.2025,https://www.emploi.ma/offre-emploi-maroc/comptable-confirme-elg-8252224
Comptable  - Casablanca,Comptable  - Casablanca,Casablanca-Mohammedia,Comptabilité - Comptabilité Générale - Finance - Gestion,13.01.2025,https://www.emploi.ma/offre-emploi-maroc/comptable-casablanca-8731767
Procurement Manager - Casablanca,Procurement Manager - Casablanca,Agadir - Béni Mellal-Khénifra - Casablanca-Mohammedia - Dakhla -...,Achats - Distribution - Procurement,13.01.2025,https://www.emploi.ma/offre-emploi-maroc/procurement-manager-casablanca-8731766
Responsable Centre  - Safi,Responsable Centre  - Safi,Marrakech-Safi,Gestion - Management,13.01.2025,https://www.emploi.ma/offre-emploi-maroc/responsable-centre-safi-8731765
