titre,entreprise,localisation,competences_cles,niveau_etudes_requis,niveau_experience,contrat_propose,date_publication,lien
Conseiller Commercial en Rachat de Crédit,PARTNERS FINANCES,Tanger-Tétouan-Al Hoceïma,"['Conseil ', ' Négociation ', ' Vente']",Bac+4 & Bac+5 et plus,Débutant < 2 ans & Expérience entre 2 ans et 5 ans,CDI & Anapec,19.01.2025,https://www.emploi.ma/offre-emploi-maroc/conseiller-commercial-rachat-credit-8284602
Projeteur en Béton Armé  - Casablanca,BUILD CONSULTING AND ENGINEERING,Casablanca-Mohammedia,"['AUTOCAD ', ' Coffrage']","Bac+2, Bac+3, Bac+4 & Bac+5 et plus",Expérience entre 2 ans et 5 ans et plus,CDI,19.01.2025,https://www.emploi.ma/offre-emploi-maroc/projeteur-beton-arme-casablanca-8672342
Comptable Confirmée - Rabat,CAPEXIA,Rabat-Salé-Kénitra,"['Finance ', ' Gestion']","Bac+3, Bac+4 & Bac+5 et plus",Expérience entre 5 ans et 10 ans & Expérience > 10 ans,CDI,19.01.2025,https://www.emploi.ma/offre-emploi-maroc/comptable-confirmee-rabat-8672713
Ingénieurs Commerciaux Export  - Casablanca,OGE - GROUPE CAHORS,International,"['Devis ', ' Vente']",Bac+4 & Bac+5 et plus,Expérience entre 2 ans et 5 ans,CDI,19.01.2025,https://www.emploi.ma/offre-emploi-maroc/ingenieurs-commerciaux-export-casablanca-8682782
Agent Général - Lâayoune et Région,RMA ASSURANCE,Laâyoune,"['Suivi Commercial ', ' Vente']","Bac+3, Bac+4 & Bac+5 et plus",Expérience entre 2 ans et 5 ans et plus,CDI,19.01.2025,https://www.emploi.ma/offre-emploi-maroc/agent-general-errachidiazaidaarfoud-8692152
Agent Général - Fès et Région,RMA ASSURANCE,Fès & Meknès,"['Suivi Commercial ', ' Vente']","Bac+3, Bac+4 & Bac+5 et plus",Expérience entre 2 ans et 5 ans et plus,CDI,19.01.2025,https://www.emploi.ma/offre-emploi-maroc/agent-general-fesmeknestaza-8692168
Agent Général - Oujda et Région,RMA ASSURANCE,Oujda,"['Suivi Commercial ', ' Vente']","Bac+3, Bac+4 & Bac+5 et plus",Expérience entre 2 ans et 5 ans et plus,CDI,19.01.2025,https://www.emploi.ma/offre-emploi-maroc/agent-general-oujdaberkanejerada-8692202
Agent Général - Agadir et Région,RMA ASSURANCE,Agadir,"['Suivi Commercial ', ' Vente']","Bac+3, Bac+4 & Bac+5 et plus",Expérience entre 2 ans et 5 ans et plus,CDI,19.01.2025,https://www.emploi.ma/offre-emploi-maroc/agent-general-agadirtaroudanttantan-8692217
Directeur F/H - Fès,INSTITUT DE FORMATION AUX MÉTIERS DU BTP,Fès,"['Gestion ', ' Leadership ', ' Management ', ' Planification']",Bac+5 et plus,Expérience entre 2 ans et 5 ans et plus,CDI,19.01.2025,https://www.emploi.ma/offre-emploi-maroc/directeur-fh-fes-8698922
Production Supervisor - Docteur en Pharmacie - Berrechid,ATLAS PHARM,Casablanca-Mohammedia,"['Maintenance ', ' Manufacturing ', ' Processing ', ' Production ', ' Qualité']",Bac+5 et plus,Expérience entre 2 ans et 5 ans et plus,CDI,19.01.2025,https://www.emploi.ma/offre-emploi-maroc/production-supervisor-docteur-pharmacie-berrechid-8705627
Responsable Process Cheese H/F    - Fqih Ben Saleh,JIBAL,Agadir - Béni Mellal-Khénifra - Casablanca-Mohammedia - Dakhla -...,"['Amélioration Continue ', ' Fabrication ', ' Gestion de la Qualité ', ' Hygiène ', ' Maintenance ', ' Process ', ' Processus ', ' Production ', ' Qualité']","Bac+2, Bac+3, Bac+4 - Bac+5 et plus",Expérience entre 2 ans et 5 ans - Expérience entre 5 ans et 10 ans,CDI,19.01.2025,https://www.emploi.ma/offre-emploi-maroc/responsable-process-cheese-hf-fqih-ben-saleh-8705679
Responsable Laboratoire Contrôle (H/F)  - Dar Bouazza,COLORADO,Casablanca-Mohammedia,"['Amélioration Continue ', ' Chimie ', ' Laboratoire ', ' Maintenance ', ' Processus ', ' Qualité']","Bac+3, Bac+4 & Bac+5 et plus",Expérience entre 2 ans et 5 ans,CDI,19.01.2025,https://www.emploi.ma/offre-emploi-maroc/responsable-laboratoire-controle-hf-dar-bouazza-8706115
Comptable Interne Expérimenté(e) - Marrakech,OBJECTIF SÉCURITÉ ÉDUCATION ROUTIÈRE,Marrakech-Safi,"['Comptabilité ', ' Comptabilité Générale ', ' États Financiers ', ' Finance ', ' Gestion ', ' Gestion des Immobilisations ', ' Gestion Financière ', ' Trésorerie']","Bac+3, Bac+4 & Bac+5 et plus",Expérience entre 2 ans et 5 ans et plus,CDI,19.01.2025,https://www.emploi.ma/offre-emploi-maroc/comptable-interne-experimentee-alfassi-8707524
Demi Chef de Partie Oriental Cuisine Chaude - Nouakchott,FASQ HOTEL,International,['Cuisine'],"Bac+2, Bac+3, Bac+4 & Bac+5 et plus",Expérience entre 2 ans et 5 ans et plus,CDD,19.01.2025,https://www.emploi.ma/offre-emploi-maroc/demi-chef-partie-oriental-cuisine-chaude-nouakchott-8714148
Chef de Projet Evenementiel/Tourisme - Marrakech,N/A,Marrakech-Safi,"['Évènementiel ', ' Hôtellerie ', ' Restauration ', ' Tourisme']","Bac+2, Bac+3, Bac+4 & Bac+5 et plus",Débutant < 2 ans et plus,CDI,19.01.2025,https://www.emploi.ma/offre-emploi-maroc/chef-projet-evenementieltourisme-marrakech-8714832
Technicien(ne) en Automatisme - Mohammedia et Régions,SOMAS,Casablanca-Mohammedia,"['Automatisme ', ' Informatique Industrielle']",Bac+2,Expérience entre 2 ans et 5 ans,CDI,19.01.2025,https://www.emploi.ma/offre-emploi-maroc/technicienne-automatisme-mohammedia-regions-8714998
"Représentant Commercial et Pédagogique Terrain -Secteur de L’Éducation - Salé,Kénitra",CALLIOPE,Rabat-Salé-Kénitra,"['Techniques de Vente ', ' Vente']","Bac+3, Bac+4 & Bac+5 et plus",Expérience entre 2 ans et 5 ans et plus,CDI,19.01.2025,https://www.emploi.ma/offre-emploi-maroc/representant-commercial-pedagogique-terrain-secteur-education-salekenitra-8717283
Technicien de Bâtiment 2D/3D  - Beni Mellal - Fkih Ben Salah,OH ARCHITECTURE,Béni Mellal-Khénifra,['BTP'],"Bac+2, Bac+3, Bac+4 & Bac+5 et plus",Expérience entre 2 ans et 5 ans et plus,CDI,19.01.2025,https://www.emploi.ma/offre-emploi-maroc/technicien-batiment-2d3d-beni-mellal-fkih-ben-salah-8717901
Responsable Exploitation (Services Energétiques) - Casablanca - Rabat,N/A,Casablanca-Mohammedia & Rabat-Salé-Kénitra,"['Devis ', ' Maintenance ', ' Maintenance Préventive ', ' Production ', ' Qualité ', ' Réparation']",Bac+5 et plus,Expérience > 10 ans,CDI,19.01.2025,https://www.emploi.ma/offre-emploi-maroc/responsable-technique-maintenance-casablanca-rabat-8721964
Assistante Juridique  - Rabat,CABINET D’AVOCATS HIZOUNI,Rabat-Salé-Kénitra,['Gestion Administrative'],"Bac+2, Bac+3, Bac+4 & Bac+5 et plus",Débutant < 2 ans et plus,CDI & CDD,19.01.2025,https://www.emploi.ma/offre-emploi-maroc/assistante-juridique-rabat-8723575
Responsable Administratif et Commercial - Tétouan,SALAM GAZ,Fès - Meknès - Rabat-Salé-Kénitra & Tanger-Tétouan-Al Hoceïma,"['Maintenance ', ' Qualité']","Bac+3, Bac+4 & Bac+5 et plus",Expérience entre 2 ans et 5 ans,CDI,19.01.2025,https://www.emploi.ma/offre-emploi-maroc/responsable-administratif-commercial-tetouan-8725382
Comptable Fournisseurs - Casablanca - Ain Sebaa,SAINT GOBAIN MAROC,Casablanca-Mohammedia,"['Comptabilité ', ' Comptabilité Générale ', ' Finance ', ' Gestion']",Bac+5 et plus,Expérience entre 5 ans et 10 ans & Expérience > 10 ans,CDI,19.01.2025,https://www.emploi.ma/offre-emploi-maroc/comptable-fournisseurs-casablanca-ain-sebaa-8731304
Comptable (H/F)  - Meknès,PELLENC MAROC,Meknès,"['Comptabilité ', ' Comptabilité Financière ', ' États Financiers ', ' Facturation ', ' Finance ', ' Gestion ', ' Gestion de la Trésorerie ', ' Rapports Financiers ', ' Trésorerie']","Bac+3, Bac+4 & Bac+5 et plus",Expérience entre 2 ans et 5 ans et plus,CDI,19.01.2025,https://www.emploi.ma/offre-emploi-maroc/comptable-hf-meknes-8731713
Responsable HSE Expérimenté - Casablanca,SOFT GROUP HOLDING,Casablanca-Mohammedia,"['Amélioration Continue ', ' Maintenance ', ' Production ', ' Qualité']",Bac+5 et plus,Expérience entre 5 ans et 10 ans & Expérience > 10 ans,CDI,19.01.2025,https://www.emploi.ma/offre-emploi-maroc/responsable-hse-experimente-casablanca-8734494
titre,entreprise,localisation,competences_cles,niveau_etudes_requis,niveau_experience,contrat_propose,date_publication,lien
Conseiller Commercial en Rachat de Crédit,PARTNERS FINANCES,Tanger-Tétouan-Al Hoceïma,"['Conseil ', ' Négociation ', ' Vente']",Bac+4 & Bac+5 et plus,Débutant < 2 ans & Expérience entre 2 ans et 5 ans,CDI & Anapec,19.01.2025,https://www.emploi.ma/offre-emploi-maroc/conseiller-commercial-rachat-credit-8284602
Projeteur en Béton Armé  - Casablanca,BUILD CONSULTING AND ENGINEERING,Casablanca-Mohammedia,"['AUTOCAD ', ' Coffrage']","Bac+2, Bac+3, Bac+4 & Bac+5 et plus",Expérience entre 2 ans et 5 ans et plus,CDI,19.01.2025,https://www.emploi.ma/offre-emploi-maroc/projeteur-beton-arme-casablanca-8672342
Comptable Confirmée - Rabat,CAPEXIA,Rabat-Salé-Kénitra,"['Finance ', ' Gestion']","Bac+3, Bac+4 & Bac+5 et plus",Expérience entre 5 ans et 10 ans & Expérience > 10 ans,CDI,19.01.2025,https://www.emploi.ma/offre-emploi-maroc/comptable-confirmee-rabat-8672713
Ingénieurs Commerciaux Export  - Casablanca,OGE - GROUPE CAHORS,International,"['Devis ', ' Vente']",Bac+4 & Bac+5 et plus,Expérience entre 2 ans et 5 ans,CDI,19.01.2025,https://www.emploi.ma/offre-emploi-maroc/ingenieurs-commerciaux-export-casablanca-8682782
Agent Général - Lâayoune et Région,RMA ASSURANCE,Laâyoune,"['Suivi Commercial ', ' Vente']","Bac+3, Bac+4 & Bac+5 et plus",Expérience entre 2 ans et 5 ans et plus,CDI,19.01.2025,https://www.emploi.ma/offre-emploi-maroc/agent-general-errachidiazaidaarfoud-8692152
Agent Général - Fès et Région,RMA ASSURANCE,Fès & Meknès,"['Suivi Commercial ', ' Vente']","Bac+3, Bac+4 & Bac+5 et plus",Expérience entre 2 ans et 5 ans et plus,CDI,19.01.2025,https://www.emploi.ma/offre-emploi-maroc/agent-general-fesmeknestaza-8692168
Agent Général - Oujda et Région,RMA ASSURANCE,Oujda,"['Suivi Commercial ', ' Vente']","Bac+3, Bac+4 & Bac+5 et plus",Expérience entre 2 ans et 5 ans et plus,CDI,19.01.2025,https://www.emploi.ma/offre-emploi-maroc/agent-general-oujdaberkanejerada-8692202
Agent Général - Agadir et Région,RMA ASSURANCE,Agadir,"['Suivi Commercial ', ' Vente']","Bac+3, Bac+4 & Bac+5 et plus",Expérience entre 2 ans et 5 ans et plus,CDI,19.01.2025,https://www.emploi.ma/offre-emploi-maroc/agent-general-agadirtaroudanttantan-8692217
Directeur F/H - Fès,INSTITUT DE FORMATION AUX MÉTIERS DU BTP,Fès,"['Gestion ', ' Leadership ', ' Management ', ' Planification']",Bac+5 et plus,Expérience entre 2 ans et 5 ans et plus,CDI,19.01.2025,https://www.emploi.ma/offre-emploi-maroc/directeur-fh-fes-8698922
Production Supervisor - Docteur en Pharmacie - Berrechid,ATLAS PHARM,Casablanca-Mohammedia,"['Maintenance ', ' Manufacturing ', ' Processing ', ' Production ', ' Qualité']",Bac+5 et plus,Expérience entre 2 ans et 5 ans et plus,CDI,19.01.2025,https://www.emploi.ma/offre-emploi-maroc/production-supervisor-docteur-pharmacie-berrechid-8705627
Responsable Process Cheese H/F    - Fqih Ben Saleh,JIBAL,Agadir - Béni Mellal-Khénifra - Casablanca-Mohammedia - Dakhla -...,"['Amélioration Continue ', ' Fabrication ', ' Gestion de la Qualité ', ' Hygiène ', ' Maintenance ', ' Process ', ' Processus ', ' Production ', ' Qualité']","Bac+2, Bac+3, Bac+4 - Bac+5 et plus",Expérience entre 2 ans et 5 ans - Expérience entre 5 ans et 10 ans,CDI,19.01.2025,https://www.emploi.ma/offre-emploi-maroc/responsable-process-cheese-hf-fqih-ben-saleh-8705679
Responsable Laboratoire Contrôle (H/F)  - Dar Bouazza,COLORADO,Casablanca-Mohammedia,"['Amélioration Continue ', ' Chimie ', ' Laboratoire ', ' Maintenance ', ' Processus ', ' Qualité']","Bac+3, Bac+4 & Bac+5 et plus",Expérience entre 2 ans et 5 ans,CDI,19.01.2025,https://www.emploi.ma/offre-emploi-maroc/responsable-laboratoire-controle-hf-dar-bouazza-8706115
Comptable Interne Expérimenté(e) - Marrakech,OBJECTIF SÉCURITÉ ÉDUCATION ROUTIÈRE,Marrakech-Safi,"['Comptabilité ', ' Comptabilité Générale ', ' États Financiers ', ' Finance ', ' Gestion ', ' Gestion des Immobilisations ', ' Gestion Financière ', ' Trésorerie']","Bac+3, Bac+4 & Bac+5 et plus",Expérience entre 2 ans et 5 ans et plus,CDI,19.01.2025,https://www.emploi.ma/offre-emploi-maroc/comptable-interne-experimentee-alfassi-8707524
Demi Chef de Partie Oriental Cuisine Chaude - Nouakchott,FASQ HOTEL,International,['Cuisine'],"Bac+2, Bac+3, Bac+4 & Bac+5 et plus",Expérience entre 2 ans et 5 ans et plus,CDD,19.01.2025,https://www.emploi.ma/offre-emploi-maroc/demi-chef-partie-oriental-cuisine-chaude-nouakchott-8714148
Chef de Projet Evenementiel/Tourisme - Marrakech,N/A,Marrakech-Safi,"['Évènementiel ', ' Hôtellerie ', ' Restauration ', ' Tourisme']","Bac+2, Bac+3, Bac+4 & Bac+5 et plus",Débutant < 2 ans et plus,CDI,19.01.2025,https://www.emploi.ma/offre-emploi-maroc/chef-projet-evenementieltourisme-marrakech-8714832
Technicien(ne) en Automatisme - Mohammedia et Régions,SOMAS,Casablanca-Mohammedia,"['Automatisme ', ' Informatique Industrielle']",Bac+2,Expérience entre 2 ans et 5 ans,CDI,19.01.2025,https://www.emploi.ma/offre-emploi-maroc/technicienne-automatisme-mohammedia-regions-8714998
"Représentant Commercial et Pédagogique Terrain -Secteur de L’Éducation - Salé,Kénitra",CALLIOPE,Rabat-Salé-Kénitra,"['Techniques de Vente ', ' Vente']","Bac+3, Bac+4 & Bac+5 et plus",Expérience entre 2 ans et 5 ans et plus,CDI,19.01.2025,https://www.emploi.ma/offre-emploi-maroc/representant-commercial-pedagogique-terrain-secteur-education-salekenitra-8717283
Technicien de Bâtiment 2D/3D  - Beni Mellal - Fkih Ben Salah,OH ARCHITECTURE,Béni Mellal-Khénifra,['BTP'],"Bac+2, Bac+3, Bac+4 & Bac+5 et plus",Expérience entre 2 ans et 5 ans et plus,CDI,19.01.2025,https://www.emploi.ma/offre-emploi-maroc/technicien-batiment-2d3d-beni-mellal-fkih-ben-salah-8717901
Responsable Exploitation (Services Energétiques) - Casablanca - Rabat,N/A,Casablanca-Mohammedia & Rabat-Salé-Kénitra,"['Devis ', ' Maintenance ', ' Maintenance Préventive ', ' Production ', ' Qualité ', ' Réparation']",Bac+5 et plus,Expérience > 10 ans,CDI,19.01.2025,https://www.emploi.ma/offre-emploi-maroc/responsable-technique-maintenance-casablanca-rabat-8721964
Assistante Juridique  - Rabat,CABINET D’AVOCATS HIZOUNI,Rabat-Salé-Kénitra,['Gestion Administrative'],"Bac+2, Bac+3, Bac+4 & Bac+5 et plus",Débutant < 2 ans et plus,CDI & CDD,19.01.2025,https://www.emploi.ma/offre-emploi-maroc/assistante-juridique-rabat-8723575
Responsable Administratif et Commercial - Tétouan,SALAM GAZ,Fès - Meknès - Rabat-Salé-Kénitra & Tanger-Tétouan-Al Hoceïma,"['Maintenance ', ' Qualité']","Bac+3, Bac+4 & Bac+5 et plus",Expérience entre 2 ans et 5 ans,CDI,19.01.2025,https://www.emploi.ma/offre-emploi-maroc/responsable-administratif-commercial-tetouan-8725382
Comptable Fournisseurs - Casablanca - Ain Sebaa,SAINT GOBAIN MAROC,Casablanca-Mohammedia,"['Comptabilité ', ' Comptabilité Générale ', ' Finance ', ' Gestion']",Bac+5 et plus,Expérience entre 5 ans et 10 ans & Expérience > 10 ans,CDI,19.01.2025,https://www.emploi.ma/offre-emploi-maroc/comptable-fournisseurs-casablanca-ain-sebaa-8731304
Comptable (H/F)  - Meknès,PELLENC MAROC,Meknès,"['Comptabilité ', ' Comptabilité Financière ', ' États Financiers ', ' Facturation ', ' Finance ', ' Gestion ', ' Gestion de la Trésorerie ', ' Rapports Financiers ', ' Trésorerie']","Bac+3, Bac+4 & Bac+5 et plus",Expérience entre 2 ans et 5 ans et plus,CDI,19.01.2025,https://www.emploi.ma/offre-emploi-maroc/comptable-hf-meknes-8731713
Responsable HSE Expérimenté - Casablanca,SOFT GROUP HOLDING,Casablanca-Mohammedia,"['Amélioration Continue ', ' Maintenance ', ' Production ', ' Qualité']",Bac+5 et plus,Expérience entre 5 ans et 10 ans & Expérience > 10 ans,CDI,19.01.2025,https://www.emploi.ma/offre-emploi-maroc/responsable-hse-experimente-casablanca-8734494
Réceptionniste - Fès,TECTRA FÈS,Fès,"['Amélioration Continue ', ' Maintenance ', ' Production ', ' Qualité']","Bac+2, Bac+3, Bac+4 & Bac+5 et plus",Expérience entre 2 ans et 5 ans et plus,Intérim,18.01.2025,https://www.emploi.ma/offre-emploi-maroc/receptionniste-fes-8727974
Dessinateur Bureau d´Etudes/Construction Métallique - Ain Harrouda,TECTRA,Casablanca-Mohammedia,"['AUTOCAD ', ' Construction ', ' Construction Métallique']",Bac+2,Expérience entre 2 ans et 5 ans,Intérim,18.01.2025,https://www.emploi.ma/offre-emploi-maroc/dessinateur-bureau-etudesconstruction-metallique-ain-harrouda-8728001
Ingénieur(e) D’Etudes en Génie Civil / Mobilité  - Rabat,N/A,Rabat-Salé-Kénitra,['Dimensionnement'],Bac+5 et plus,Débutant < 2 ans & Expérience entre 2 ans et 5 ans,CDI,18.01.2025,https://www.emploi.ma/offre-emploi-maroc/ingenieure-etudes-genie-civil-mobilite-rabat-8728126
Enseignant(e)/Délégué(e) Pédagogique Terrain  - Lâayoune,CALLIOPE,Laâyoune,"['Développement Commercial ', ' Enseignement ', ' Techniques de Vente ', ' Vente']","Bac+3, Bac+4 & Bac+5 et plus",Expérience entre 2 ans et 5 ans et plus,CDI,18.01.2025,https://www.emploi.ma/offre-emploi-maroc/enseignantedeleguee-pedagogique-terrain-laayoune-8728143
Gestionnaire de Stocks  - Rabat,CAISSE MANAGER,Rabat-Salé-Kénitra,"['Achats ', ' Comptabilité ', ' Finance ', ' Gestion ', ' Gestion des Stocks ', ' Restauration ', ' Tourisme']",Bac,Débutant < 2 ans,CDI,18.01.2025,https://www.emploi.ma/offre-emploi-maroc/gestionnaire-stocks-rabat-8728258
Surveillant Internat  - Casablanca,GROUPE TECTRA,Casablanca-Mohammedia,"['Animation ', ' Formation ', ' Surveillance ', ' Transport']",Bac+2,Expérience entre 2 ans et 5 ans,Intérim,18.01.2025,https://www.emploi.ma/offre-emploi-maroc/surveillant-internat-casablanca-8728457
Commercial Terrain en Produits Métallurgiques  - Casablanca,NOVOMET,Casablanca-Mohammedia,"['Comptabilité ', ' Finance ', ' Gestion ', ' Gestion Commerciale ', ' SAGE ', ' Vente']","Bac+2, Bac+3, Bac+4 & Bac+5 et plus",Expérience entre 2 ans et 5 ans et plus,CDI,18.01.2025,https://www.emploi.ma/offre-emploi-maroc/commercial-terrain-produits-metallurgiques-casablanca-8728523
Commercial Sédentaire en Produits Métallurgiques  - Casablanca,NOVOMET,Casablanca-Mohammedia,"['Comptabilité ', ' Finance ', ' Gestion ', ' Gestion Commerciale ', ' SAGE ', ' Vente']","Bac+2, Bac+3, Bac+4 & Bac+5 et plus",Expérience entre 2 ans et 5 ans et plus,CDI,18.01.2025,https://www.emploi.ma/offre-emploi-maroc/commercial-sedentaire-produits-metallurgiques-casablanca-8728534
Prescripteur Chantier - Casablanca,AMIR CARREAUX,Casablanca-Mohammedia,"['Communication ', ' Négociation ', ' Prospection ', ' Stratégie Client ', ' Vente']","Bac+3, Bac+4 & Bac+5 et plus",Expérience entre 2 ans et 5 ans et plus,CDI,18.01.2025,https://www.emploi.ma/offre-emploi-maroc/prescripteur-chantier-casablanca-8728578
Technico-Commercial dans le Domaine Carrelage Sanitaire - Casablanca,AMIR CARREAUX,Casablanca-Mohammedia,"['Communication ', ' Comptabilité ', ' Finance ', ' Gestion ', ' Organisation Administrative ', ' Suivi Commercial']","Bac+3, Bac+4 & Bac+5 et plus",Expérience entre 2 ans et 5 ans et plus,CDI,18.01.2025,https://www.emploi.ma/offre-emploi-maroc/technico-commercial-domaine-carrelage-sanitaire-casablanca-8728586
Surveillant Internat  - El Jadida,GROUPE TECTRA,Casablanca-Mohammedia,"['Animation ', ' Formation ', ' Surveillance ', ' Transport']",Bac+2,Expérience entre 2 ans et 5 ans,Intérim,18.01.2025,https://www.emploi.ma/offre-emploi-maroc/surveillant-internat-el-jadida-8728639
Chef de Ligne de Production - Casablanca,TECTRA AGENCE AIN SBAA,Casablanca-Mohammedia,"['Maintenance ', ' Normes de Qualité ', ' Production ', ' Production Industrielle ', ' Qualité']",Bac+3 & Bac+4,Expérience entre 2 ans et 5 ans,CDI & Intérim,18.01.2025,https://www.emploi.ma/offre-emploi-maroc/chef-ligne-production-casablanca-8728648
Directeur Technique : Ingénieur Structure confirmé  - Témara,BETA ETUDES,Rabat-Salé-Kénitra,"['Maintenance ', ' Normes de Qualité ', ' Production ', ' Production Industrielle ', ' Qualité']",Bac+5 et plus,Expérience entre 5 ans et 10 ans,CDI,17.01.2025,https://www.emploi.ma/offre-emploi-maroc/directeur-technique-ingenieur-structure-confirme-temara-8735877
Agent de Saisie et Facturation - Lissassfa,TECTRA BERRECHID,Casablanca-Mohammedia,"['Comptabilité ', ' Facturation ', ' Finance ', ' Gestion ', ' Gestion des Factures ', ' Rapports Financiers']",Bac+2 & Bac+3,Expérience entre 2 ans et 5 ans et plus,CDI,17.01.2025,https://www.emploi.ma/offre-emploi-maroc/agent-saisie-facturation-lissassfa-8736436
Chef d´Agence  - Marrakech,FONDATION ARRAWAJ,Marrakech-Safi,"[""Gestion d'Équipe "", ' Négociation ', ' Prospection ', ' Recouvrement ', ' Techniques de Vente ', ' Vente']",Bac+4 & Bac+5 et plus,Débutant < 2 ans et plus,CDI,17.01.2025,https://www.emploi.ma/offre-emploi-maroc/chef-agence-marrakech-8736409
Formateur en Usinage - Nouaceur,TECTRA BERRECHID,Casablanca-Mohammedia,"['Machines ', ' Maintenance ', ' Procédés ', ' Productique ', ' Productique Mécanique ', ' Qualité ', ' Usinage']","Bac+3, Bac+4 & Bac+5 et plus",Expérience entre 5 ans et 10 ans & Expérience > 10 ans,CDI,17.01.2025,https://www.emploi.ma/offre-emploi-maroc/formateur-usinage-nouaceur-8736356
Secrétaire Polyvalente  - Casablanca,TECTRA CASA BOURGOGNE – RECRUTEMENT,Casablanca-Mohammedia,"['Archivage ', ' Assistanat ', ' Comptabilité ', ' Documents Administratifs ', ' Dossiers ', ' Finance ', ' Gestion ', ' Gestion Administrative ', ' Gestion des Appels ', ' Gestion des Documents ', ' Recouvrement ', ' Rédaction ', ' Saisie de Données ', ' Secrétariat']","Bac+2, Bac+3, Bac+4 & Bac+5 et plus",Expérience entre 2 ans et 5 ans et plus,Intérim,17.01.2025,https://www.emploi.ma/offre-emploi-maroc/secretaire-polyvalente-casablanca-8736099
Superviseur Vols H/F - Casablanca,TECTRA CASA BOURGOGNE – RECRUTEMENT,Casablanca-Mohammedia,['Vente'],"Bac+2, Bac+3, Bac+4 & Bac+5 et plus",Expérience entre 2 ans et 5 ans et plus,Intérim,17.01.2025,https://www.emploi.ma/offre-emploi-maroc/superviseur-vols-hf-casablanca-8736062
Contrôleur de Gestion H/F - Casablanca,KARTNER INVEST,Casablanca-Mohammedia,"['Comptabilité ', ' Gestion ', ' Processus de Gestion ', ' Suivi Budgétaire']",Bac+5 et plus,Expérience entre 2 ans et 5 ans & Expérience entre 5 ans et 10 ans,CDI,17.01.2025,https://www.emploi.ma/offre-emploi-maroc/controleur-gestion-hf-casablanca-8735992
Gestionnaire Sinistre Automobile - Casablanca,KARTNER INVEST,Casablanca-Mohammedia,['Vente'],Bac+2 & Bac+3,Débutant < 2 ans & Expérience entre 2 ans et 5 ans,CDI & CDD,17.01.2025,https://www.emploi.ma/offre-emploi-maroc/gestionnaire-sinistre-automobile-casablanca-8735989
Technicien Peintre  - Casablanca,TECTRA CASA BOURGOGNE – RECRUTEMENT,Casablanca-Mohammedia,"['Énergie ', ' Équipement ', ' Hôtellerie ', ' Maintenance ', ' Production ', ' Qualité']","Qualification avant bac, Bac, Bac+1, Bac+2, Bac+3, Bac+4 & Bac+5 et plus",Expérience entre 2 ans et 5 ans et plus,Intérim,17.01.2025,https://www.emploi.ma/offre-emploi-maroc/technicien-peintre-casablanca-8735967
Assistante de Direction Motorisée - Khouribga,GROUPE TECTRA,Marrakech-Safi,"['Archivage ', ' Assistanat ', ' Gestion du Courrier']",Bac+2,Expérience entre 2 ans et 5 ans,Intérim,17.01.2025,https://www.emploi.ma/offre-emploi-maroc/assistante-direction-motorisee-khouribga-8735914
Ingénieur R&D - Formulation - Meknès,O'DASSIA,Meknès,"['Analyse Chimique ', ' Analyse de la Qualité ', ' Certification ', ' Certifications ISO ', ' Chimie ', ' Chimie Industrielle ', ' Formulation ', ' Polymères']",Bac+5 et plus,Débutant < 2 ans et plus,CDI,17.01.2025,https://www.emploi.ma/offre-emploi-maroc/charge-affaires-casablanca-marrakech-8676927
Assistante de Direction Etude Notariale - Casablanca,GROUPE TECTRA,Casablanca-Mohammedia,"['Assistanat ', ' Rédaction']",Bac+2,Expérience entre 2 ans et 5 ans,Intérim,17.01.2025,https://www.emploi.ma/offre-emploi-maroc/assistante-direction-etude-notariale-casablanca-8735765
Technicien Plombier en Hôtellerie  - Casablanca,TECTRA CASA BOURGOGNE – RECRUTEMENT,Casablanca-Mohammedia,"['BTP ', ' Chauffage ', ' Maintenance ', ' Plomberie ', ' Production ', ' Qualité ', ' Ventilation']","Qualification avant bac, Bac, Bac+1, Bac+2, Bac+3, Bac+4 & Bac+5 et plus",Expérience entre 2 ans et 5 ans et plus,Intérim,17.01.2025,https://www.emploi.ma/offre-emploi-maroc/technicien-plombier-hotellerie-casablanca-8735754
Commis Cuisine en Intérim H/F - Casablanca,TECTRA CASA BOURGOGNE – RECRUTEMENT,Casablanca-Mohammedia,"['Conservation ', ' Cuisine ', ' Hôtellerie ', ' Hygiène ', ' Maintenance ', ' Production ', ' Qualité ', ' Restauration ', ' Sécurité Alimentaire ', ' Tourisme']","Qualification avant bac, Bac, Bac+1, Bac+2, Bac+3, Bac+4 & Bac+5 et plus",Débutant < 2 ans et plus,Intérim,17.01.2025,https://www.emploi.ma/offre-emploi-maroc/commis-cuisine-interim-hf-casablanca-8735738
Responsable du Centre Service Rapide - Casablanca,KARTNER INVEST,Casablanca-Mohammedia,['Vente'],Bac+2 & Bac+3,Expérience entre 2 ans et 5 ans & Expérience entre 5 ans et 10 ans,CDI,17.01.2025,https://www.emploi.ma/offre-emploi-maroc/responsable-centre-service-rapide-casablanca-8735124
Chauffeur Avitailleur - Agadir - Aéroport,TECTRA,Agadir,"['Exploitation ', ' Hydrocarbures ', ' Maintenance ', ' Manutention ', ' Production ', ' Qualité ', ' Stockage']","Qualification avant bac, Bac, Bac+1, Bac+2, Bac+3, Bac+4 & Bac+5 et plus",Expérience entre 2 ans et 5 ans et plus,Intérim,17.01.2025,https://www.emploi.ma/offre-emploi-maroc/chauffeur-avitailleur-agadir-aeroport-8735116
Commercial Sédentaire/Téléconseiller - Mohammedia,TECTRA,Casablanca-Mohammedia,"['Prospection ', ' Vente']",Bac+2 & Bac+3,Expérience entre 2 ans et 5 ans,CDI,17.01.2025,https://www.emploi.ma/offre-emploi-maroc/commercial-sedentaireteleconseiller-mohammedia-8735162
Assistante Import/Export  - Mohammedia,TECTRA,Casablanca-Mohammedia,"['Export ', ' Exportation ', ' Gestion Logistique ', ' Import ', ' Importation ', ' Opérations Logistiques ', ' Transport']",Bac+2,Expérience entre 2 ans et 5 ans,CDI,17.01.2025,https://www.emploi.ma/offre-emploi-maroc/assistante-importexport-mohammedia-8735672
Superviseur de Maintenance  - Agadir - Aéroport,TECTRA,Agadir,"['Contrôle de Qualité ', ' Équipement ', ' Gestion ', ' Graissage ', ' Maintenance ', ' Management ', ' Production ', ' Qualité']","Bac+2, Bac+3, Bac+4 & Bac+5 et plus",Expérience entre 2 ans et 5 ans et plus,Intérim,17.01.2025,https://www.emploi.ma/offre-emploi-maroc/superviseur-maintenance-agadir-aeroport-8735108
Consultant SIRH SAP SUCCESS FACTORS - Casablanca,RED TIC,Casablanca-Mohammedia,['SAP'],Bac+5 et plus,Expérience entre 5 ans et 10 ans & Expérience > 10 ans,Freelance,17.01.2025,https://www.emploi.ma/offre-emploi-maroc/consultant-sirh-sap-success-factors-casablanca-8735107
Agent Administratif - Agadir - Aéroport,TECTRA,Agadir,"['Assistanat ', ' Comptabilité ', ' Douane ', ' Finance ', ' Formation ', ' Gestion ', ' Secrétariat']","Bac+2, Bac+3, Bac+4 & Bac+5 et plus",Expérience entre 2 ans et 5 ans et plus,Intérim,17.01.2025,https://www.emploi.ma/offre-emploi-maroc/agent-administratif-agadir-aeroport-8735089
Vendeuse - Marrakech,TECTRA MARRAKECH – HÔTELLERIE,Marrakech-Safi,"['Négociation ', ' Techniques de Vente ', ' Tourisme ', ' Vente']",Bac+2 & Bac+3,Débutant < 2 ans et plus,"CDI, CDD & Intérim",17.01.2025,https://www.emploi.ma/offre-emploi-maroc/vendeuse-marrakech-8725546
Commis de Cuisine - Restauration rapide - Marrakech,CAISSE MANAGER,Marrakech-Safi,"['Cuisine ', ' Hygiène ', ' Maintenance ', ' Production ', ' Qualité ', ' Restauration ', ' Sécurité Alimentaire ', ' Tourisme']",Bac,Débutant < 2 ans,CDI,17.01.2025,https://www.emploi.ma/offre-emploi-maroc/commis-cuisine-restauration-rapide-marrakech-8726136
Ravitailleur - Marrakech,TECTRA,Marrakech-Safi,"['Stocks ', ' Transport']","Bac, Bac+1, Bac+2, Bac+3, Bac+4 & Bac+5 et plus",Expérience entre 2 ans et 5 ans et plus,Intérim,17.01.2025,https://www.emploi.ma/offre-emploi-maroc/ravitailleur-marrakech-8726143
Technicien de Qualité  - Sala Al Jadida - Technopolis,LEAR AUTOMOTIVE MOROCCO,Rabat-Salé-Kénitra,"['Assurance Qualité ', ' DU ', ' Électromécanique ', ' Électronique ', ' Énergie ', ' Indicateurs de la Qualité ', ' Maintenance ', ' Management de la Qualité ', ' Non', 'Conformité ', ' Normes de Qualité ', ' PDCA ', ' Process ', ' Processus ', ' Production ', ' QRQC ', ' Qualité ', ' Qualité de la Production ', ' Quality']",Bac+2,Expérience entre 2 ans et 5 ans,CDI,17.01.2025,https://www.emploi.ma/offre-emploi-maroc/technicien-qualite-sala-al-jadida-technopolis-8726158
Technicien de Maintenance  - Sala Al Jadida - Parc Technopolis Rabat,LEAR AUTOMOTIVE MOROCCO,Rabat-Salé-Kénitra,"['Automatisme ', ' Automatisme Mécanique ', ' Dessin Industriel ', ' DU ', ' Électromécanique ', ' Électronique ', ' Machines ', ' Maintenance ', ' Maintenance Industrielle ', ' Maintenance Préventive ', ' Mécanique Électronique ', ' Processus ', ' Production ', ' Qualité']",Bac+2,Expérience entre 2 ans et 5 ans,CDI,17.01.2025,https://www.emploi.ma/offre-emploi-maroc/technicien-maintenance-sala-al-jadida-parc-technopolis-rabat-8726161
Assistant(e) Ressources Humaines - Casablanca,EDVANTIS HIGHER EDUCATION GROUP,Casablanca-Mohammedia,['Gestion des Ressources Humaines'],"Bac+2, Bac+3, Bac+4 & Bac+5 et plus","Etudiant, jeune diplômé et plus",Anapec,17.01.2025,https://www.emploi.ma/offre-emploi-maroc/assistante-ressources-humaines-casablanca-8726173
Chargé(e) Comptabilité et Recouvrement  - Rabat,BRICOMA,Rabat-Salé-Kénitra,"['Assistance ', ' Comptabilité ', ' Finance ', ' Formation ', ' Gestion ', ' Opérations Bancaires ', ' Réception ', ' Recouvrement']","Bac+3, Bac+4 & Bac+5 et plus",Expérience entre 2 ans et 5 ans et plus,CDI,17.01.2025,https://www.emploi.ma/offre-emploi-maroc/chargee-comptabilite-recouvrement-rabat-8726200
Facility manager  - Casablanca,GROUPE TECTRA,Casablanca-Mohammedia,"['Achats ', ' Gestion des Contrats']",Bac+5 et plus,Expérience entre 2 ans et 5 ans,Intérim,17.01.2025,https://www.emploi.ma/offre-emploi-maroc/facility-manager-casablanca-8726250
Technicien Réseau  - Rabat,CAISSE MANAGER,Rabat-Salé-Kénitra,"['Dépannage ', ' Sécurité ', ' Vente ', ' VPN ', ' WAN']",Bac+2,Débutant < 2 ans,CDI,17.01.2025,https://www.emploi.ma/offre-emploi-maroc/technicien-reseau-rabat-8726272
Commercial B to B dans le Secteur Informatique - Casablanca,N/A,Casablanca-Mohammedia,"['CRM ', ' Négociation ', ' Stratégie Commerciale ', ' Vente']","Bac+3, Bac+4 & Bac+5 et plus",Expérience entre 2 ans et 5 ans et plus,CDI,17.01.2025,https://www.emploi.ma/offre-emploi-maroc/commercial-b-b-secteur-informatique-casablanca-8726714
Community Manager - Rabat,N/A,Rabat-Salé-Kénitra,"['Communication ', ' Communication Digitale ', ' Community Management ', ' Facebook Ads ', ' Marketing ', ' Publicité ', ' Stratégie de Communication']","Bac+3, Bac+4 & Bac+5 et plus",Débutant < 2 ans et plus,CDI,17.01.2025,https://www.emploi.ma/offre-emploi-maroc/community-manager-rabat-8726729
Chef d´Equipe SAV (Maintenance des Imprimantes) - Casablanca,TECTRA,Casablanca-Mohammedia,"['Communication ', ' Communication Digitale ', ' Community Management ', ' Facebook Ads ', ' Marketing ', ' Publicité ', ' Stratégie de Communication']","Bac+2, Bac+3, Bac+4 & Bac+5 et plus",Expérience entre 5 ans et 10 ans,CDI,17.01.2025,https://www.emploi.ma/offre-emploi-maroc/chef-equipe-sav-maintenance-imprimantes-casablanca-8726885
Assistante Administrative et Financière - Casablanca,ENI,Casablanca-Mohammedia,"['Comptabilité ', ' Documents Administratifs ', ' Facturation ', ' Finance ', ' Formation ', ' Gestion ', ' Gestion des Prêts ', ' Suivi Administratif']","Bac+2, Bac+3, Bac+4 & Bac+5 et plus",Expérience entre 5 ans et 10 ans & Expérience > 10 ans,CDI,17.01.2025,https://www.emploi.ma/offre-emploi-maroc/assistante-administrative-financiere-casablanca-8727195
Commercial(e) en Energies Renouvelables - Casablanca,ENI,Casablanca-Mohammedia,"['Maintenance ', ' Production ', ' Qualité']","Bac+3, Bac+4 & Bac+5 et plus",Expérience entre 2 ans et 5 ans et plus,CDI,17.01.2025,https://www.emploi.ma/offre-emploi-maroc/commerciale-energies-renouvelables-casablanca-8727203
Commercial Expérimenté en Gardiennage et Sécurité  - Rabat,ROBOTEC,Casablanca-Mohammedia - Rabat-Salé-Kénitra & Tanger-Tétouan-Al...,"['Actions Commerciales ', ' Communication ', ' Marketing ', ' Mobilité ', ' Négociation ', ' Organisation de Réunions ', ' Prospection ', ' Prospection Commerciale']","Bac+3, Bac+4 & Bac+5 et plus",Expérience entre 5 ans et 10 ans & Expérience > 10 ans,CDD & Freelance,17.01.2025,https://www.emploi.ma/offre-emploi-maroc/commercial-experimente-gardiennage-securite-rabat-8677806
Sales Executive B2B - Casablanca,N/A,Casablanca-Mohammedia,"['Actions Commerciales ', ' Communication ', ' Développement Commercial ', ' Marketing ', ' Négociation ', ' Négociation Client ', ' Prospection ', ' Prospection Commerciale ', ' Recouvrement ', ' Recouvrement des Clients ', ' Techniques de Vente ', ' Vente']",Bac+4 & Bac+5 et plus,Expérience entre 5 ans et 10 ans & Expérience > 10 ans,CDI,17.01.2025,https://www.emploi.ma/offre-emploi-maroc/sales-executive-b2b-casablanca-8698184
Chargé d’Affaires  - North Africa (Maghreb),SAINT GOBAIN MAROC,International,"['BTP ', ' Commercialisation ', ' Développement Commercial ', ' Négociation ', ' Négociation Commerciale ', ' Stratégie Commerciale ', ' Suivi Commercial ', ' Vente']",Bac+5 et plus,Expérience entre 2 ans et 5 ans et plus,CDI,17.01.2025,https://www.emploi.ma/offre-emploi-maroc/charge-affaires-north-africa-maghreb-8707997
Chef de Projet Amplitude - Casablanca,RED TIC,Casablanca-Mohammedia,"['BTP ', ' Commercialisation ', ' Développement Commercial ', ' Négociation ', ' Négociation Commerciale ', ' Stratégie Commerciale ', ' Suivi Commercial ', ' Vente']",Bac+5 et plus,Expérience > 10 ans,Freelance,16.01.2025,https://www.emploi.ma/offre-emploi-maroc/chef-projet-amplitude-casablanca-8735075
Technicien des Equipements Process - Tanger,TECTRA TANGER – RECRUTEMENT,Tanger-Tétouan-Al Hoceïma,"['Amélioration Continue ', ' Équipement ', ' Fabrication ', ' Maintenance ', ' Process ', ' Production ', ' Qualité']","Bac+2, Bac+3, Bac+4 & Bac+5 et plus",Débutant < 2 ans,CDI,16.01.2025,https://www.emploi.ma/offre-emploi-maroc/technicien-equipements-process-tanger-8735069
Chargé(e) Portefeuille Clients  - Casablanca,BOTTU,Casablanca-Mohammedia,"['Banque ', ' Comptabilité ', ' Facturation ', ' Finance ', ' Gestion ', ' Gestion de Portefeuille ', ' Règlements des Clients']",Bac+3,Débutant < 2 ans,CDI,16.01.2025,https://www.emploi.ma/offre-emploi-maroc/chargee-portefeuille-clients-casablanca-8734949
Assistante Commerciale  - Mohammedia,TECTRA,Casablanca-Mohammedia,"['Administration ', ' Assistanat ', ' Devis ', ' Prospection ', ' Prospection Téléphonique ', "" Réception d'Appels "", ' Rédaction ', ' Secrétariat ', ' Vente']",Bac+2 & Bac+3,Expérience entre 2 ans et 5 ans,CDI,16.01.2025,https://www.emploi.ma/offre-emploi-maroc/assistante-commerciale-mohammedia-8734946
Chef de Projets Senior Cash Management  - Casablanca,RED TIC,Casablanca-Mohammedia,"['AGILE ', ' SWIFT']",Bac+5 et plus,Expérience > 10 ans,Freelance,16.01.2025,https://www.emploi.ma/offre-emploi-maroc/chef-projets-senior-cash-management-casablanca-8734943
Commercial(e) Terrain B2B – Systèmes d´Information - Casablanca,ERUDIA SYSTÈME,Agadir - Béni Mellal-Khénifra - Casablanca-Mohammedia - Dakhla -...,"['Communication ', ' Développement Commercial ', ' Négociation ', ' Prospection ', ' Vente']","Bac+2, Bac+3 - Bac+4",Expérience entre 2 ans et 5 ans,CDI,16.01.2025,https://www.emploi.ma/offre-emploi-maroc/commerciale-terrain-b2b-systemes-information-casablanca-8734681
Sous Chef de Cuisine  - Agadir,TECTRA,Agadir,"['Cuisine ', ' Cuisine Internationale ', "" Gestion d'Équipe "", ' Production Culinaire ', ' Tourisme']",Bac+2,Expérience entre 2 ans et 5 ans et plus,Intérim,16.01.2025,https://www.emploi.ma/offre-emploi-maroc/sous-chef-cuisine-agadir-8733689
Cariste - Kénitra,TECTRA,Rabat-Salé-Kénitra,['Chargement'],Qualification avant bac,Débutant < 2 ans,Intérim,16.01.2025,https://www.emploi.ma/offre-emploi-maroc/cariste-kenitra-8734496
Supervisor Manufacturing - Berrechid,TECTRA CASA TERTIAIRE – RECRUTEMENT,Casablanca-Mohammedia,"['Leadership ', ' Management']","Bac+3, Bac+4 & Bac+5 et plus",Expérience entre 2 ans et 5 ans et plus,CDI,16.01.2025,https://www.emploi.ma/offre-emploi-maroc/supervisor-manufacturing-berrechid-8734471
Supervisor-Logistics - Berrechid,TECTRA CASA TERTIAIRE – RECRUTEMENT,Casablanca-Mohammedia,['Delivery'],Bac+4 & Bac+5 et plus,Expérience entre 2 ans et 5 ans et plus,CDI,16.01.2025,https://www.emploi.ma/offre-emploi-maroc/supervisor-logistics-berrechid-8734414
Assistante Administrative/Commerciale Polyvalente - Casablanca,INTELLIA,Casablanca-Mohammedia,"['Accueil Physique ', ' Actions Marketing ', ' Archivage ', ' Assistanat ', ' Assistance ', ' Assistance Administrative ', ' Communication ', ' Communication Digitale ', ' Communication Interne ', ' Communication Marketing ', ' Documents Administratifs ', ' Dossiers ', ' Gestion ', ' Gestion Administrative ', ' Gestion Documentaire ', ' Management ', ' Marketing ', ' Marketing Digital ', ' Rédaction ', ' Secrétariat ', ' Suivi des Dossiers']",Bac+2,Expérience entre 2 ans et 5 ans,CDI,16.01.2025,https://www.emploi.ma/offre-emploi-maroc/assistante-administrativecommerciale-polyvalente-casablanca-8734361
Technicien Informatique - Casablanca,TECTRA AGENCE AIN SBAA,Casablanca-Mohammedia,"['Accueil Physique ', ' Actions Marketing ', ' Archivage ', ' Assistanat ', ' Assistance ', ' Assistance Administrative ', ' Communication ', ' Communication Digitale ', ' Communication Interne ', ' Communication Marketing ', ' Documents Administratifs ', ' Dossiers ', ' Gestion ', ' Gestion Administrative ', ' Gestion Documentaire ', ' Management ', ' Marketing ', ' Marketing Digital ', ' Rédaction ', ' Secrétariat ', ' Suivi des Dossiers']",Bac+2,Expérience entre 2 ans et 5 ans et plus,Intérim,16.01.2025,https://www.emploi.ma/offre-emploi-maroc/technicien-informatique-casablanca-8733860
Infirmière Polyvalente - Meknès,LEAR CORPORATION MEKNES,Fès & Meknès,"['Infirmerie ', ' Santé']",Bac+2 & Bac+3,"Etudiant, jeune diplômé & Débutant < 2 ans",Stage,16.01.2025,https://www.emploi.ma/offre-emploi-maroc/infirmiere-polyvalente-meknes-8733834
Surveillant Internat  - EL Jadida,TECTRA EL JADIDA – RECRUTEMENT,Casablanca-Mohammedia & Marrakech-Safi,"['Comptabilité ', ' Finance ', ' Gestion ', ' Transport']","Bac+2, Bac+3, Bac+4 & Bac+5 et plus",Expérience entre 2 ans et 5 ans,Intérim,16.01.2025,https://www.emploi.ma/offre-emploi-maroc/surveillant-internat-el-jadida-8733820
Juriste Senior (Anglophone),BOTTU,Casablanca-Mohammedia,"['Contentieux ', ' Droit ', ' Risques Juridiques']",Bac+5 et plus,Expérience entre 5 ans et 10 ans,CDI,16.01.2025,https://www.emploi.ma/offre-emploi-maroc/juriste-senior-anglophone-8185414
Ingénieur de Production,BOTTU,Casablanca-Mohammedia,"['DU ', ' Fabrication ', ' Gestion de la Production ', ' Maintenance ', ' Planning de Production ', ' Processus ', ' Production ', ' Qualité']",Bac+5 et plus,Expérience entre 2 ans et 5 ans,CDI,16.01.2025,https://www.emploi.ma/offre-emploi-maroc/ingenieur-production-8330296
Pharmacien Assistant Production,BOTTU,Casablanca-Mohammedia,"['Bonnes Pratiques de Fabrication ', ' BPF ', ' Fabrication ', ' Maintenance ', ' Production ', ' Qualité ', ' Santé']",Bac+5 et plus,Débutant < 2 ans,CDI,16.01.2025,https://www.emploi.ma/offre-emploi-maroc/pharmacien-assistant-production-8341513
Infirmière,BOTTU,Casablanca-Mohammedia,"['Dépistage ', ' Médecine ', ' Santé ', "" Soins d'Urgence""]",Bac+2,Expérience entre 2 ans et 5 ans,CDI,16.01.2025,https://www.emploi.ma/offre-emploi-maroc/infirmiere-8350759
Quality Assurance Manager - Docteur en Pharmacie - Berrechid,ATLAS PHARM,Settat,"['Assurance Qualité ', ' BPF ', ' Fabrication ', ' GMP ', ' Maintenance ', ' Management de la Qualité ', ' Procédés ', ' Production ', ' Qualité']",Bac+5 et plus,Expérience entre 5 ans et 10 ans & Expérience > 10 ans,CDI,16.01.2025,https://www.emploi.ma/offre-emploi-maroc/quality-assurance-manager-docteur-pharmacie-berrchid-8690941
Front Desk Clerk / Cashier - Nouakchott,FASQ HOTEL,Casablanca-Mohammedia - Marrakech-Safi & International,['Tourisme'],"Bac+3, Bac+4 & Bac+5 et plus",Expérience entre 2 ans et 5 ans et plus,CDD,16.01.2025,https://www.emploi.ma/offre-emploi-maroc/front-desk-clerk-cashier-nouakchott-8693245
Assistante de Direction Administrative et RH - Casablanca,MIZAR STUDIOS,Casablanca-Mohammedia,"['Assistanat ', ' Assistance ', ' Communication Interne ', ' Dossiers ', ' Formation ', ' Gestion Administrative ', ' Gestion des Ressources Humaines ', ' Organisation de Réunions ', ' Processus de Recrutement ', ' Recrutement ', ' Secrétariat ', ' Support']","Bac+3, Bac+4 & Bac+5 et plus",Expérience entre 2 ans et 5 ans et plus,CDI,16.01.2025,https://www.emploi.ma/offre-emploi-maroc/assistante-direction-administrative-rh-casablanca-8696383
Comptable  - Rabat - Casablanca,SALAM GAZ,Casablanca-Mohammedia & Rabat-Salé-Kénitra,"['Comptabilité ', ' Fiscalité ', ' Gestion']","Bac+2, Bac+3, Bac+4 & Bac+5 et plus",Expérience entre 2 ans et 5 ans,CDI,16.01.2025,https://www.emploi.ma/offre-emploi-maroc/comptable-rabat-casablanca-8719072
Data Analyste H/F - Mohammedia,AMSPEC MOROCCO,Casablanca-Mohammedia,"['BI ', ' NAS ', ' Rédaction ', ' WEBDEV']",Bac+4 & Bac+5 et plus,Débutant < 2 ans & Expérience entre 2 ans et 5 ans,CDI,16.01.2025,https://www.emploi.ma/offre-emploi-maroc/data-analyste-hf-mohammedia-8724828
Représentant Commercial Terrain - Secteur de L’Éducation - Casablanca,CALLIOPE,Casablanca-Mohammedia,"['Techniques de Vente ', ' Vente']","Bac+3, Bac+4 & Bac+5 et plus",Expérience entre 2 ans et 5 ans et plus,CDI,16.01.2025,https://www.emploi.ma/offre-emploi-maroc/representant-commercial-terrain-secteur-education-casablanca-8724904
Technicien de Maintenance - Fès - Meknès,SALAM GAZ,Casablanca-Mohammedia - Errachidia - Fès - Marrakech-Safi - Meknès...,"['Hydraulique ', ' Hydraulique Pneumatique ', ' Industrie ', ' Maintenance ', ' Mécanique Hydraulique ', ' Pneumatique ', ' Production ', ' Qualité']","Bac+2, Bac+3, Bac+4 & Bac+5 et plus",Expérience entre 2 ans et 5 ans,CDI,16.01.2025,https://www.emploi.ma/offre-emploi-maroc/technicien-maintenance-fes-meknes-8724979
Responsable Opérationnel Sénior (Zone Sud) - Laâyoune,G4S MAROC,Agadir - Dakhla & Laâyoune,"['Formation ', ' Management Opérationnel ', ' Relation Clients ', ' Risques Opérationnels ', ' Sécurité ', ' Team Leadership']","Bac+3, Bac+4 & Bac+5 et plus",Expérience entre 5 ans et 10 ans & Expérience > 10 ans,CDI,16.01.2025,https://www.emploi.ma/offre-emploi-maroc/responsable-operationnel-senior-zone-sud-laayoune-8724980
